{
    "train": {
        "loss": 0.2830542047222989,
        "acc": 0.949999988079071
    }
}